{"paper":{"analog:item/radio_off":2,"analog:item/radio_on":3,"analog:item/transmitter":4,"analog:item/receiver":5,"analog:gui/radio_start_transmit_button":6,"analog:gui/radio_stop_transmit_button":7,"analog:gui/radio_start_receive_button":8,"analog:gui/radio_stop_receive_button":9,"analog:gui/radio_channel_up_button":10,"analog:gui/radio_channel_down_button":11,"analog:gui/radio_set_channel_button":12,"analog:gui/radio_enable_button":13,"analog:gui/radio_disable_button":14,"analog:block/transmitter":15,"analog:block/receiver":16}}