{"weather.rain":{"sounds":[{"name":"ambient\/weather\/rain1","volume":0.05},{"name":"ambient\/weather\/rain2","volume":0.05},{"name":"ambient\/weather\/rain3","volume":0.05},{"name":"ambient\/weather\/rain4","volume":0.05},{"name":"ambient\/weather\/rain5","volume":0.05},{"name":"ambient\/weather\/rain6","volume":0.05},{"name":"ambient\/weather\/rain7","volume":0.05},{"name":"ambient\/weather\/rain8","volume":0.05}],"replace":true,"subtitle":"subtitles.weather.rain"},"weather.rain.above":{"sounds":[{"name":"ambient\/weather\/rain1","volume":0.05},{"name":"ambient\/weather\/rain2","volume":0.05},{"name":"ambient\/weather\/rain3","volume":0.05},{"name":"ambient\/weather\/rain4","volume":0.05}],"replace":true,"subtitle":"subtitles.weather.rain"},"block.iron_door.close":{"sounds":["block\/wooden_door\/close"],"replace":true,"subtitle":"subtitles.block.door.toggle"},"block.iron_door.open":{"sounds":["block\/wooden_door\/open"],"replace":true,"subtitle":"subtitles.block.door.toggle"},"block.iron_trapdoor.close":{"sounds":["block\/wooden_door\/close"],"replace":true,"subtitle":"subtitles.block.iron_trapdoor.close"},"block.iron_trapdoor.open":{"sounds":["block\/wooden_door\/open"],"replace":true,"subtitle":"subtitles.block.iron_trapdoor.open"},"block.wooden_door.close":{"sounds":["block\/wooden_door\/close"],"replace":true,"subtitle":"subtitles.block.door.toggle"},"block.wooden_door.open":{"sounds":["block\/wooden_door\/open"],"replace":true,"subtitle":"subtitles.block.door.toggle"},"block.wooden_trapdoor.open":{"sounds":["block\/wooden_door\/open"],"replace":true,"subtitle":"subtitles.block.trapdoor.toggle"},"block.wooden_trapdoor.close":{"sounds":["block\/wooden_door\/close"],"replace":true,"subtitle":"subtitles.block.trapdoor.toggle"},"block.fence_gate.open":{"sounds":["block\/wooden_door\/open"],"replace":true,"subtitle":"subtitles.block.fence_gate.toggle"},"block.fence_gate.close":{"sounds":["block\/wooden_door\/close"],"replace":true,"subtitle":"subtitles.block.fence_gate.toggle"},"block.cherry_wood_door.open":{"sounds":["block\/wooden_door\/open"],"replace":true,"subtitle":"subtitles.block.trapdoor.toggle"},"block.cherry_wood_door.close":{"sounds":["block\/wooden_door\/close"],"replace":true,"subtitle":"subtitles.block.trapdoor.toggle"},"block.cherry_wood_trapdoor.open":{"sounds":["block\/wooden_door\/open"],"replace":true,"subtitle":"subtitles.block.trapdoor.toggle"},"block.cherry_wood_trapdoor.close":{"sounds":["block\/wooden_door\/close"],"replace":true,"subtitle":"subtitles.block.trapdoor.toggle"},"block.cherry_wood_fence_gate.open":{"sounds":["block\/wooden_door\/open"],"replace":true,"subtitle":"subtitles.block.fence_gate.toggle"},"block.cherry_wood_fence_gate.close":{"sounds":["block\/wooden_door\/close"],"replace":true,"subtitle":"subtitles.block.fence_gate.toggle"},"block.bamboo_wood_door.open":{"sounds":["block\/wooden_door\/open"],"replace":true,"subtitle":"subtitles.block.trapdoor.toggle"},"block.bamboo_wood_door.close":{"sounds":["block\/wooden_door\/close"],"replace":true,"subtitle":"subtitles.block.trapdoor.toggle"},"block.bamboo_wood_trapdoor.open":{"sounds":["block\/wooden_door\/open"],"replace":true,"subtitle":"subtitles.block.trapdoor.toggle"},"block.bamboo_wood_trapdoor.close":{"sounds":["block\/wooden_door\/close"],"replace":true,"subtitle":"subtitles.block.trapdoor.toggle"},"block.bamboo_wood_fence_gate.open":{"sounds":["block\/wooden_door\/open"],"replace":true,"subtitle":"subtitles.block.bamboo_wood_fence_gate.toggle"},"block.bamboo_wood_fence_gate.close":{"sounds":["block\/wooden_door\/close"],"replace":true,"subtitle":"subtitles.block.trapdoor.toggle"},"block.nether_wood_door.open":{"sounds":["block\/wooden_door\/open"],"replace":true,"subtitle":"subtitles.block.trapdoor.toggle"},"block.nether_wood_door.close":{"sounds":["block\/wooden_door\/close"],"replace":true,"subtitle":"subtitles.block.trapdoor.toggle"},"block.nether_wood_trapdoor.open":{"sounds":["block\/wooden_door\/open"],"replace":true,"subtitle":"subtitles.block.trapdoor.toggle"},"block.nether_wood_trapdoor.close":{"sounds":["block\/wooden_door\/close"],"replace":true,"subtitle":"subtitles.block.trapdoor.toggle"},"block.nether_wood_fence_gate.open":{"sounds":["block\/wooden_door\/open"],"replace":true,"subtitle":"subtitles.block.fence_gate.toggle"},"block.nether_wood_fence_gate.close":{"sounds":["block\/wooden_door\/close"],"replace":true,"subtitle":"subtitles.block.fence_gate.toggle"}}